654322,0.061069,0.015267,0,0.022901,0,0.015267,0,0.022901,0,0,0,0,0.007634,0.007634,0,0.007634,0.015267,0.007634,0,0,0.015267,0,0,0.007634,0,0,0,0,0.015267,0.007634,0,0.030534,0,0,0,0,0,0,0,0,0,0,0,0,0,0,0,0,0.007634,0.015267,0,0.007634,0,0,0,0.007634,0,0,0,0,0.007634,0,0,0.015267
692073,0.037879,0.015152,0,0.015152,0.007576,0.007576,0,0.030303,0,0,0,0,0.022727,0.007576,0,0,0.015152,0.015152,0,0.015152,0.015152,0.007576,0,0.007576,0,0,0,0,0.022727,0,0,0.022727,0,0,0,0,0,0,0,0,0,0,0,0,0,0,0,0,0.015152,0.030303,0,0,0.007576,0.007576,0,0.015152,0,0,0,0,0.007576,0.015152,0,0.015152
677804,0,0,0,0.007634,0.038168,0.022901,0,0.015267,0,0,0,0,0.015267,0.015267,0,0,0.015267,0.030534,0,0,0,0,0,0.030534,0,0,0,0,0.015267,0.015267,0,0.022901,0,0,0,0,0,0,0,0,0,0,0,0,0,0,0,0,0,0.022901,0,0.022901,0,0,0,0.007634,0,0,0,0,0,0.015267,0,0.030534
677824,0.015152,0.015152,0,0.007576,0.030303,0,0,0,0,0,0,0,0.030303,0,0,0.022727,0.022727,0.015152,0,0.022727,0.015152,0.030303,0,0.045455,0,0,0,0,0.022727,0.007576,0,0.022727,0,0,0,0,0,0,0,0,0,0,0,0,0,0,0,0,0.007576,0.030303,0,0.030303,0.007576,0.015152,0,0,0,0,0,0,0.015152,0,0,0
677808,0.016043,0.005348,0,0.010695,0.010695,0.005348,0,0.010695,0,0,0,0,0.042781,0,0,0.005348,0,0.005348,0,0.005348,0.010695,0.005348,0,0.016043,0,0,0,0,0.016043,0.005348,0,0.016043,0,0,0,0,0,0,0,0,0,0,0,0,0,0,0,0,0.016043,0.02139,0,0.037433,0,0.005348,0,0,0,0,0,0,0.032086,0,0,0.005348
677809,0.007752,0.023256,0,0.007752,0.015504,0,0,0.031008,0,0,0,0,0.015504,0,0,0.015504,0.007752,0.007752,0,0.015504,0.015504,0.007752,0,0.015504,0,0,0,0,0.031008,0,0,0.015504,0,0,0,0,0,0,0,0,0,0,0,0,0,0,0,0,0.015504,0.023256,0,0.015504,0,0,0,0,0,0,0,0,0.023256,0.007752,0,0.007752
677814,0.03125,0.015625,0,0.007812,0.03125,0.007812,0,0,0,0,0,0,0.015625,0,0,0.007812,0.039062,0,0,0.007812,0.015625,0.015625,0,0.015625,0,0,0,0,0.023438,0.015625,0,0.007812,0,0,0,0,0,0,0,0,0,0,0,0,0,0,0,0,0.015625,0.007812,0,0.015625,0,0.007812,0,0.007812,0,0,0,0,0.015625,0,0,0.015625
594839,0.038168,0.038168,0,0.015267,0.015267,0.015267,0,0.030534,0,0,0,0,0.022901,0.007634,0,0.007634,0.022901,0.015267,0,0.015267,0.007634,0,0,0.015267,0,0,0,0,0.015267,0,0,0.030534,0,0,0,0,0,0,0,0,0,0,0,0,0,0,0,0,0.022901,0.015267,0,0,0.007634,0,0,0,0,0,0,0,0.022901,0,0,0.007634
677817,0.053846,0.023077,0,0.007692,0.015385,0.015385,0,0.015385,0,0,0,0,0.015385,0,0,0,0.007692,0.015385,0,0.007692,0.015385,0.038462,0,0.015385,0,0,0,0,0.007692,0,0,0.015385,0,0,0,0,0,0,0,0,0,0,0,0,0,0,0,0,0.015385,0.030769,0,0,0,0,0,0,0,0,0,0,0.023077,0,0,0.015385
619562,0,0.007812,0,0.007812,0.039062,0.015625,0,0,0,0,0,0,0.015625,0.007812,0,0.015625,0.007812,0.046875,0,0.015625,0,0.015625,0,0.039062,0,0,0,0,0.007812,0,0,0.015625,0,0,0,0,0,0,0,0,0,0,0,0,0,0,0,0,0,0.023438,0,0.03125,0.015625,0.007812,0,0.007812,0,0,0,0,0.007812,0,0,0
677827,0.022556,0.015038,0,0.015038,0.015038,0.007519,0,0.015038,0,0,0,0,0.015038,0.007519,0,0.007519,0.022556,0.007519,0,0.007519,0.022556,0.007519,0,0.007519,0,0,0,0,0.022556,0,0,0.007519,0,0,0,0,0,0,0,0,0,0,0,0,0,0,0,0,0.007519,0.007519,0,0.015038,0,0,0,0.007519,0,0,0,0,0.015038,0,0,0.015038
677842,0,0.007634,0,0.015267,0.015267,0,0,0.038168,0,0,0,0,0.007634,0,0,0.007634,0,0.030534,0,0.007634,0,0.045802,0,0.038168,0,0,0,0,0.022901,0.061069,0,0.053435,0,0,0,0,0,0,0,0,0,0,0,0,0,0,0,0,0.015267,0.007634,0,0,0.022901,0.022901,0,0.061069,0,0,0,0,0,0.045802,0,0.030534
677832,0.024194,0.012097,0,0.024194,0.020161,0.008065,0,0.004032,0,0,0,0,0.016129,0.004032,0,0.008065,0.020161,0.012097,0,0.016129,0.012097,0,0,0.004032,0,0,0,0,0.016129,0.004032,0,0.004032,0,0,0,0,0,0,0,0,0,0,0,0,0,0,0,0,0.012097,0.012097,0,0.008065,0.004032,0.004032,0,0,0,0,0,0,0.020161,0,0,0
677836,0.08547,0.012821,0,0.017094,0.021368,0.012821,0,0.008547,0,0,0,0,0.008547,0,0,0.012821,0.025641,0.008547,0,0.017094,0.025641,0.021368,0,0.012821,0,0,0,0,0.017094,0,0,0.008547,0,0,0,0,0,0,0,0,0,0,0,0,0,0,0,0,0.008547,0.029915,0,0,0,0,0,0,0,0,0,0,0.012821,0,0,0.004274
677838,0.039062,0.023438,0,0.007812,0.007812,0.023438,0,0.007812,0,0,0,0,0.015625,0,0,0,0.023438,0.007812,0,0.007812,0.023438,0.007812,0,0.023438,0,0,0,0,0.007812,0,0,0.007812,0,0,0,0,0,0,0,0,0,0,0,0,0,0,0,0,0,0.015625,0,0.007812,0,0.007812,0,0,0,0,0,0,0.007812,0,0,0.015625
26779,0.046154,0.030769,0,0,0.015385,0.015385,0,0.015385,0,0,0,0,0.030769,0,0,0,0.023077,0.007692,0,0.023077,0.015385,0.007692,0,0,0,0,0,0,0.015385,0,0,0.023077,0,0,0,0,0,0,0,0,0,0,0,0,0,0,0,0,0.015385,0.023077,0,0,0,0,0,0,0,0,0,0,0.007692,0.007692,0,0
100124538,0.014925,0.014925,0,0.022388,0,0.014925,0,0.037313,0,0,0,0,0.014925,0,0,0.007463,0.007463,0,0,0.007463,0.014925,0.044776,0,0.022388,0,0,0,0,0.037313,0,0,0.029851,0,0,0,0,0,0,0,0,0,0,0,0,0,0,0,0,0.029851,0.037313,0,0,0,0,0,0,0,0,0,0,0.029851,0,0,0.007463
26775,0.030769,0.007692,0,0.023077,0.007692,0.023077,0,0,0,0,0,0,0.015385,0,0,0.015385,0.007692,0,0,0.015385,0.007692,0,0,0.007692,0,0,0,0,0.007692,0.007692,0,0,0,0,0,0,0,0,0,0,0,0,0,0,0,0,0,0,0.007692,0.015385,0,0,0.007692,0,0,0.015385,0,0,0,0,0.015385,0,0,0.023077
6080,0.019512,0.014634,0,0.019512,0.009756,0.019512,0,0.019512,0,0,0,0,0.034146,0.009756,0,0.009756,0.009756,0.019512,0,0.009756,0.029268,0.039024,0,0.019512,0,0,0,0,0.014634,0.009756,0,0.019512,0,0,0,0,0,0,0,0,0,0,0,0,0,0,0,0,0.029268,0.019512,0,0.014634,0.004878,0.009756,0,0.004878,0,0,0,0,0.029268,0.009756,0,0.034146
677823,0.007576,0.007576,0,0.007576,0,0.007576,0,0.022727,0,0,0,0,0.007576,0,0,0.022727,0.015152,0.007576,0,0,0.007576,0.045455,0,0.022727,0,0,0,0,0.030303,0,0,0.030303,0,0,0,0,0,0,0,0,0,0,0,0,0,0,0,0,0.007576,0.022727,0,0.015152,0.007576,0,0,0,0,0,0,0,0.030303,0,0,0.030303
677847,0.028409,0.034091,0,0.005682,0.039773,0.005682,0,0.011364,0,0,0,0,0.028409,0,0,0.017045,0.011364,0.005682,0,0.022727,0.011364,0.011364,0,0,0,0,0,0,0.034091,0,0,0,0,0,0,0,0,0,0,0,0,0,0,0,0,0,0,0,0.022727,0.017045,0,0.028409,0,0,0,0,0,0,0,0,0.011364,0,0,0
677798,0.015267,0.015267,0,0.015267,0.030534,0.015267,0,0.030534,0,0,0,0,0.015267,0.007634,0,0.007634,0.022901,0.015267,0,0.015267,0,0.007634,0,0.007634,0,0,0,0,0.022901,0.015267,0,0.022901,0,0,0,0,0,0,0,0,0,0,0,0,0,0,0,0,0.022901,0.038168,0,0,0,0.015267,0,0,0,0,0,0,0.022901,0,0,0.015267
652966,0.006849,0.013699,0,0,0.013699,0.020548,0,0.027397,0,0,0,0,0,0,0,0,0.006849,0.027397,0,0.006849,0.020548,0.020548,0,0.034247,0,0,0,0,0.027397,0.013699,0,0.034247,0,0,0,0,0,0,0,0,0,0,0,0,0,0,0,0,0.006849,0.041096,0,0,0,0.006849,0,0,0,0,0,0,0.020548,0,0,0.027397
594837,0.028169,0.014085,0,0.028169,0.014085,0,0,0,0,0,0,0,0.028169,0,0,0.014085,0.028169,0.028169,0,0.028169,0.014085,0,0,0,0,0,0,0,0,0,0,0,0,0,0,0,0,0,0,0,0,0,0,0,0,0,0,0,0.014085,0,0,0.014085,0,0.014085,0,0,0,0,0,0,0,0,0,0.028169
26771,0.057143,0.028571,0,0.014286,0,0,0,0.042857,0,0,0,0,0.028571,0,0,0.014286,0.042857,0,0,0.014286,0,0,0,0.014286,0,0,0,0,0.014286,0,0,0,0,0,0,0,0,0,0,0,0,0,0,0,0,0,0,0,0.014286,0,0,0.028571,0,0.014286,0,0,0,0,0,0,0,0.014286,0,0
692234,0.011628,0.023256,0,0.011628,0.023256,0,0,0.011628,0,0,0,0,0.011628,0,0,0.011628,0.023256,0.034884,0,0.023256,0.011628,0,0,0.011628,0,0,0,0,0.011628,0,0,0.023256,0,0,0,0,0,0,0,0,0,0,0,0,0,0,0,0,0.034884,0.011628,0,0.023256,0,0.011628,0,0,0,0,0,0,0.023256,0,0,0.023256
692235,0.011628,0.023256,0,0.011628,0.023256,0,0,0.011628,0,0,0,0,0.011628,0,0,0.011628,0.023256,0.034884,0,0.023256,0.011628,0,0,0.011628,0,0,0,0,0.011628,0,0,0.023256,0,0,0,0,0,0,0,0,0,0,0,0,0,0,0,0,0.034884,0.011628,0,0.023256,0,0.011628,0,0,0,0,0,0,0.023256,0,0,0.023256
692200,0,0.013699,0,0,0.027397,0.013699,0,0.027397,0,0,0,0,0.027397,0,0,0,0,0.041096,0,0.027397,0.013699,0,0,0.013699,0,0,0,0,0.027397,0,0,0.027397,0,0,0,0,0,0,0,0,0,0,0,0,0,0,0,0,0.013699,0.013699,0,0.054795,0,0,0,0,0,0,0,0,0.013699,0,0,0.013699
692227,0.012821,0.012821,0,0.012821,0.012821,0,0,0.025641,0,0,0,0,0.012821,0.025641,0,0,0.012821,0.025641,0,0.038462,0.012821,0.012821,0,0.012821,0,0,0,0,0.012821,0.025641,0,0.038462,0,0,0,0,0,0,0,0,0,0,0,0,0,0,0,0,0.012821,0,0,0.012821,0.012821,0.012821,0,0.012821,0,0,0,0,0.012821,0,0,0
692229,0.024096,0.036145,0,0.024096,0.036145,0,0,0.012048,0,0,0,0,0.024096,0.012048,0,0,0.036145,0.024096,0,0,0,0.024096,0,0.012048,0,0,0,0,0,0,0,0.012048,0,0,0,0,0,0,0,0,0,0,0,0,0,0,0,0,0.012048,0,0,0.012048,0,0,0,0.012048,0,0,0,0,0,0,0,0.024096
100113382,0.022222,0.022222,0,0.011111,0.011111,0.011111,0,0.011111,0,0,0,0,0.022222,0.033333,0,0,0.011111,0.011111,0,0.033333,0.011111,0.044444,0,0.022222,0,0,0,0,0.022222,0.011111,0,0.022222,0,0,0,0,0,0,0,0,0,0,0,0,0,0,0,0,0.011111,0.011111,0,0.033333,0,0.011111,0,0.033333,0,0,0,0,0.022222,0,0,0.011111
692058,0,0.012195,0,0,0.012195,0.012195,0,0,0,0,0,0,0.012195,0,0,0.012195,0.012195,0.012195,0,0.012195,0.012195,0,0,0.012195,0,0,0,0,0.012195,0,0,0.012195,0,0,0,0,0,0,0,0,0,0,0,0,0,0,0,0,0.012195,0,0,0.02439,0,0,0,0,0,0,0,0,0,0,0,0
692213,0.013699,0,0,0,0,0,0,0.013699,0,0,0,0,0,0,0,0,0.013699,0.027397,0,0.013699,0,0,0,0,0,0,0,0,0.041096,0.013699,0,0,0,0,0,0,0,0,0,0,0,0,0,0,0,0,0,0,0.054795,0.013699,0,0.013699,0.013699,0,0,0,0,0,0,0,0.013699,0,0,0.027397
692214,0.054348,0,0,0,0,0.01087,0,0.01087,0,0,0,0,0.032609,0,0,0,0.021739,0,0,0.032609,0.01087,0,0,0.01087,0,0,0,0,0,0,0,0.021739,0,0,0,0,0,0,0,0,0,0,0,0,0,0,0,0,0,0.032609,0,0.01087,0,0,0,0,0,0,0,0,0,0,0,0
692215,0.053333,0.013333,0,0.026667,0.026667,0.013333,0,0,0,0,0,0,0.053333,0,0,0.013333,0.013333,0.026667,0,0.026667,0.013333,0,0,0,0,0,0,0,0.013333,0,0,0,0,0,0,0,0,0,0,0,0,0,0,0,0,0,0,0,0.04,0.026667,0,0.026667,0,0,0,0,0,0,0,0,0.04,0,0,0
767561,0.044118,0.029412,0,0.029412,0,0,0,0,0,0,0,0,0,0,0,0.014706,0.044118,0.014706,0,0,0,0,0,0.014706,0,0,0,0,0.014706,0,0,0,0,0,0,0,0,0,0,0,0,0,0,0,0,0,0,0,0,0,0,0,0,0,0,0,0,0,0,0,0,0,0,0.014706
767562,0.014493,0.014493,0,0.014493,0.043478,0.028986,0,0.028986,0,0,0,0,0,0,0,0,0.014493,0.028986,0,0,0.014493,0,0,0,0,0,0,0,0,0,0,0.014493,0,0,0,0,0,0,0,0,0,0,0,0,0,0,0,0,0.028986,0.014493,0,0,0,0,0,0,0,0,0,0,0.014493,0,0,0
767563,0.014493,0,0,0.028986,0.014493,0.014493,0,0,0,0,0,0,0,0,0,0.028986,0.014493,0.028986,0,0.014493,0,0.028986,0,0,0,0,0,0,0,0,0,0,0,0,0,0,0,0,0,0,0,0,0,0,0,0,0,0,0.028986,0,0,0,0,0,0,0,0,0,0,0,0.028986,0,0,0.014493
767565,0,0.013333,0,0.026667,0.013333,0.013333,0,0.013333,0,0,0,0,0.013333,0,0,0,0.013333,0.04,0,0,0.026667,0,0,0,0,0,0,0,0,0,0,0.013333,0,0,0,0,0,0,0,0,0,0,0,0,0,0,0,0,0.026667,0,0,0.013333,0,0,0,0,0,0,0,0,0,0,0,0.013333
767566,0.027778,0,0,0.055556,0,0.013889,0,0,0,0,0,0,0.027778,0,0,0.027778,0.027778,0.013889,0,0.013889,0.013889,0.027778,0,0,0,0,0,0,0.013889,0,0,0,0,0,0,0,0,0,0,0,0,0,0,0,0,0,0,0,0.027778,0.013889,0,0,0,0,0,0,0,0,0,0,0.041667,0,0,0.013889
767567,0.013514,0,0,0,0,0.013514,0,0,0,0,0,0,0,0,0,0.013514,0.013514,0.027027,0,0,0.013514,0.027027,0,0.013514,0,0,0,0,0.013514,0.013514,0,0,0,0,0,0,0,0,0,0,0,0,0,0,0,0,0,0,0.027027,0,0,0,0,0,0,0,0,0,0,0,0.013514,0,0,0.013514
767568,0.056338,0.014085,0,0.014085,0.014085,0.028169,0,0.014085,0,0,0,0,0,0,0,0.014085,0.014085,0.042254,0,0.014085,0.028169,0.014085,0,0,0,0,0,0,0,0,0,0.014085,0,0,0,0,0,0,0,0,0,0,0,0,0,0,0,0,0.028169,0,0,0,0,0,0,0,0,0,0,0,0.042254,0,0,0
767569,0.014493,0,0,0.028986,0,0.014493,0,0,0,0,0,0,0,0,0,0.028986,0.014493,0.028986,0,0,0.028986,0.028986,0,0,0,0,0,0,0,0,0,0,0,0,0,0,0,0,0,0,0,0,0,0,0,0,0,0,0.014493,0,0,0,0,0,0,0,0,0,0,0,0.014493,0,0,0.028986
767577,0,0.014493,0,0,0,0.028986,0,0,0,0,0,0,0.014493,0.014493,0,0.014493,0.028986,0.028986,0,0.043478,0.028986,0,0,0.014493,0,0,0,0,0,0.014493,0,0,0,0,0,0,0,0,0,0,0,0,0,0,0,0,0,0,0,0.014493,0,0,0,0.014493,0,0,0,0,0,0,0.014493,0,0,0
767588,0.014493,0.014493,0,0.014493,0.014493,0.014493,0,0,0,0,0,0,0.043478,0,0,0,0.028986,0.028986,0,0.014493,0,0,0,0,0,0,0,0,0,0,0,0,0,0,0,0,0,0,0,0,0,0,0,0,0,0,0,0,0.014493,0,0,0.014493,0,0,0,0,0,0,0,0,0.014493,0,0,0
767589,0,0,0,0.013889,0,0.013889,0,0,0,0,0,0,0.013889,0,0,0.013889,0.027778,0.027778,0,0.027778,0.027778,0,0,0,0,0,0,0,0.013889,0,0,0,0,0,0,0,0,0,0,0,0,0,0,0,0,0,0,0,0,0.027778,0,0.013889,0,0,0,0,0,0,0,0,0.027778,0,0,0
767590,0.013889,0,0,0.013889,0,0.013889,0,0,0,0,0,0,0.013889,0.013889,0,0.027778,0.027778,0.027778,0,0.027778,0.041667,0,0,0.013889,0,0,0,0,0,0.013889,0,0,0,0,0,0,0,0,0,0,0,0,0,0,0,0,0,0,0.027778,0,0,0,0,0.013889,0,0,0,0,0,0,0.027778,0.013889,0,0
767591,0,0,0,0.028169,0.014085,0.014085,0,0,0,0,0,0,0.042254,0,0,0.042254,0.028169,0.028169,0,0.028169,0.014085,0,0,0.014085,0,0,0,0,0.014085,0,0,0,0,0,0,0,0,0,0,0,0,0,0,0,0,0,0,0,0,0.014085,0,0.042254,0,0,0,0,0,0,0,0,0.056338,0,0,0
767592,0,0,0,0.027778,0.013889,0.013889,0,0,0,0,0,0,0.013889,0.013889,0,0.013889,0.027778,0.027778,0,0.027778,0.013889,0.013889,0,0.013889,0,0,0,0,0,0.013889,0,0.013889,0,0,0,0,0,0,0,0,0,0,0,0,0,0,0,0,0.027778,0,0,0,0,0.013889,0,0,0,0,0,0,0.027778,0.013889,0,0
767593,0,0,0,0.014493,0,0.014493,0,0,0,0,0,0,0.014493,0,0,0.014493,0.028986,0.028986,0,0.014493,0.028986,0,0,0.014493,0,0,0,0,0,0.014493,0,0,0,0,0,0,0,0,0,0,0,0,0,0,0,0,0,0,0,0,0,0.014493,0.014493,0,0,0,0,0,0,0,0.014493,0,0,0
767595,0.027778,0,0,0.013889,0,0.013889,0,0,0,0,0,0,0.013889,0.013889,0,0.013889,0.027778,0.027778,0,0.041667,0.041667,0,0,0.013889,0,0,0,0,0.013889,0,0,0,0,0,0,0,0,0,0,0,0,0,0,0,0,0,0,0,0.027778,0,0,0,0.013889,0,0,0,0,0,0,0,0.027778,0,0,0
767578,0.013333,0,0,0.013333,0,0.026667,0,0,0,0,0,0,0.013333,0,0,0.013333,0.026667,0.04,0,0.026667,0.026667,0.04,0,0,0,0,0,0,0,0,0,0,0,0,0,0,0,0,0,0,0,0,0,0,0,0,0,0,0.013333,0.026667,0,0,0,0,0,0,0,0,0,0,0.026667,0,0,0
767598,0,0,0,0.014493,0,0.014493,0,0,0,0,0,0,0.014493,0.014493,0,0,0.028986,0.028986,0,0.014493,0.028986,0,0,0.014493,0,0,0,0,0,0.014493,0,0,0,0,0,0,0,0,0,0,0,0,0,0,0,0,0,0,0,0.014493,0,0,0.014493,0,0,0,0,0,0,0,0,0,0,0
767599,0,0,0,0.014493,0,0.014493,0,0,0,0,0,0,0,0.014493,0,0.014493,0.028986,0.028986,0,0.014493,0.028986,0,0,0.014493,0,0,0,0,0,0.014493,0,0,0,0,0,0,0,0,0,0,0,0,0,0,0,0,0,0,0.014493,0,0,0.014493,0,0,0,0,0,0,0,0,0.028986,0,0,0
767600,0,0,0,0.014493,0,0.014493,0,0,0,0,0,0,0,0.014493,0,0.014493,0.028986,0.028986,0,0.014493,0.028986,0,0,0.014493,0,0,0,0,0,0.014493,0,0,0,0,0,0,0,0,0,0,0,0,0,0,0,0,0,0,0,0,0,0,0.014493,0.014493,0,0,0,0,0,0,0.014493,0.014493,0,0
767603,0,0,0,0.014493,0.014493,0.014493,0,0,0,0,0,0,0.014493,0.014493,0,0,0.028986,0.028986,0,0.028986,0.028986,0,0,0.014493,0,0,0,0,0,0.014493,0,0,0,0,0,0,0,0,0,0,0,0,0,0,0,0,0,0,0.014493,0,0,0,0.014493,0,0,0,0,0,0,0,0.014493,0,0,0
767605,0,0,0,0.014493,0.014493,0.014493,0,0,0,0,0,0,0,0.014493,0,0,0.028986,0.028986,0,0.014493,0.014493,0,0,0.014493,0,0,0,0,0,0.028986,0,0,0,0,0,0,0,0,0,0,0,0,0,0,0,0,0,0,0,0,0,0,0.028986,0,0,0,0,0,0,0,0,0.014493,0,0
767606,0,0,0,0.014493,0,0.014493,0,0.014493,0,0,0,0,0.014493,0.028986,0,0,0.028986,0.057971,0,0,0.043478,0,0,0,0,0,0,0,0.014493,0,0,0,0,0,0,0,0,0,0,0,0,0,0,0,0,0,0,0,0,0,0,0.028986,0.028986,0,0,0,0,0,0,0,0.014493,0,0,0
767609,0,0,0,0.014493,0.014493,0.014493,0,0,0,0,0,0,0,0.014493,0,0,0.028986,0.028986,0,0.014493,0.014493,0,0,0.014493,0,0,0,0,0,0.028986,0,0,0,0,0,0,0,0,0,0,0,0,0,0,0,0,0,0,0,0,0,0,0.028986,0,0,0,0,0,0,0,0.014493,0,0,0
767610,0,0,0,0.014925,0,0.014925,0,0.014925,0,0,0,0,0.029851,0,0,0,0.029851,0.029851,0,0.014925,0.029851,0,0,0,0,0,0,0,0.014925,0,0,0,0,0,0,0,0,0,0,0,0,0,0,0,0,0,0,0,0,0.014925,0,0,0.014925,0,0,0,0,0,0,0,0,0,0,0
767579,0.013889,0,0,0.013889,0,0.013889,0,0,0,0,0,0,0,0.027778,0,0.027778,0.027778,0.027778,0,0.041667,0.027778,0,0,0.013889,0,0,0,0,0,0.013889,0,0,0,0,0,0,0,0,0,0,0,0,0,0,0,0,0,0,0.013889,0,0,0.013889,0.013889,0,0,0,0,0,0,0,0.041667,0,0,0
767581,0,0,0,0.014925,0.014925,0.014925,0,0,0,0,0,0,0.014925,0.014925,0,0.014925,0.029851,0.029851,0,0.014925,0.014925,0,0,0.014925,0,0,0,0,0,0,0,0.014925,0,0,0,0,0,0,0,0,0,0,0,0,0,0,0,0,0.014925,0,0,0.014925,0,0,0,0,0,0,0,0,0.029851,0,0,0
767585,0,0,0,0.014493,0,0.014493,0,0,0,0,0,0,0.014493,0.014493,0,0,0.028986,0.028986,0,0.014493,0.028986,0,0,0.014493,0,0,0,0,0,0.014493,0,0,0,0,0,0,0,0,0,0,0,0,0,0,0,0,0,0,0,0,0,0,0.014493,0,0,0,0,0,0,0,0.014493,0,0,0
338433,0.0375,0.0125,0,0.0125,0.0375,0.0375,0,0,0,0,0,0,0,0.0125,0,0.0125,0.025,0.05,0,0.0125,0.0125,0,0,0.0125,0,0,0,0,0,0,0,0.0125,0,0,0,0,0,0,0,0,0,0,0,0,0,0,0,0,0.0125,0,0,0,0,0,0,0.0125,0,0,0,0,0,0,0,0.0125
100033447,0.037975,0.012658,0,0.012658,0.037975,0.037975,0,0,0,0,0,0,0,0.012658,0,0.012658,0.025316,0.050633,0,0.012658,0.012658,0.012658,0,0.012658,0,0,0,0,0,0,0,0.012658,0,0,0,0,0,0,0,0,0,0,0,0,0,0,0,0,0.012658,0,0,0,0.012658,0,0,0.012658,0,0,0,0,0,0,0,0.012658
100033450,0.0375,0.0125,0,0.0125,0.0375,0.0375,0,0,0,0,0,0,0,0.0125,0,0.0125,0.025,0.05,0,0.0125,0.0125,0.0125,0,0.0125,0,0,0,0,0,0,0,0.0125,0,0,0,0,0,0,0,0,0,0,0,0,0,0,0,0,0.0125,0,0,0,0.0125,0,0,0.0125,0,0,0,0,0,0,0,0.0125
100033453,0.037975,0.012658,0,0.012658,0.037975,0.037975,0,0,0,0,0,0,0,0.012658,0,0.012658,0.025316,0.050633,0,0.012658,0.012658,0.012658,0,0.012658,0,0,0,0,0,0,0,0.012658,0,0,0,0,0,0,0,0,0,0,0,0,0,0,0,0,0.012658,0,0,0,0.012658,0,0,0.012658,0,0,0,0,0,0,0,0.012658
100033454,0.0375,0.0125,0,0.0125,0.0375,0.0375,0,0,0,0,0,0,0,0.0125,0,0.0125,0.025,0.05,0,0.0125,0.0125,0.0125,0,0.0125,0,0,0,0,0,0,0,0.0125,0,0,0,0,0,0,0,0,0,0,0,0,0,0,0,0,0.025,0,0,0,0,0,0,0.0125,0,0,0,0,0,0,0,0.0125
100033603,0.037975,0.012658,0,0.012658,0.037975,0.037975,0,0,0,0,0,0,0,0.012658,0,0.012658,0.025316,0.050633,0,0.012658,0.012658,0.012658,0,0.012658,0,0,0,0,0,0,0,0.012658,0,0,0,0,0,0,0,0,0,0,0,0,0,0,0,0,0.012658,0,0,0,0.012658,0,0,0.012658,0,0,0,0,0,0,0,0.012658
100033800,0.025,0.0125,0,0.0125,0.0375,0.025,0,0,0,0,0,0,0,0.0125,0,0.025,0.025,0.05,0,0.0125,0,0.0125,0,0.0125,0,0,0,0,0,0,0,0.0125,0,0,0,0,0,0,0,0,0,0,0,0,0,0,0,0,0.025,0,0,0,0,0,0,0.0125,0,0,0,0,0.0125,0,0,0.025
100033805,0.05,0.025,0,0.0125,0.025,0.0375,0,0,0,0,0,0,0.0125,0,0,0.0125,0.0375,0.025,0,0.0125,0.0125,0.0125,0,0.0125,0,0,0,0,0,0,0,0.0125,0,0,0,0,0,0,0,0,0,0,0,0,0,0,0,0,0.0125,0.0125,0,0.0125,0,0,0,0,0,0,0,0,0,0,0,0.0125
100033806,0.0375,0.0125,0,0.0125,0.05,0.025,0,0,0,0,0,0,0,0.0125,0,0.0125,0.025,0.05,0,0.0125,0.0125,0.0125,0,0.0125,0,0,0,0,0,0,0,0.025,0,0,0,0,0,0,0,0,0,0,0,0,0,0,0,0,0.025,0,0,0,0,0,0,0.0125,0,0,0,0,0,0,0,0.0125
100033807,0.0375,0.0125,0,0.0125,0.025,0.025,0,0.0125,0,0,0,0,0,0.0125,0,0.0125,0.025,0.0375,0,0.0125,0.0125,0.0125,0,0.0125,0,0,0,0,0,0.0125,0,0.0125,0,0,0,0,0,0,0,0,0,0,0,0,0,0,0,0,0.025,0,0,0,0,0.0125,0,0.0125,0,0,0,0,0,0.0125,0,0.0125
100033814,0.0375,0.0125,0,0.0125,0.0375,0.0375,0,0,0,0,0,0,0,0.0125,0,0.0125,0.025,0.05,0,0.0125,0.0125,0.0125,0,0.0125,0,0,0,0,0,0,0,0.0125,0,0,0,0,0,0,0,0,0,0,0,0,0,0,0,0,0.0125,0,0,0,0.0125,0,0,0.0125,0,0,0,0,0,0,0,0.0125
100033816,0.0375,0.0125,0,0.0125,0.0375,0.0375,0,0,0,0,0,0,0,0.0125,0,0.0125,0.025,0.05,0,0.0125,0.0125,0.0125,0,0.0125,0,0,0,0,0,0,0,0.0125,0,0,0,0,0,0,0,0,0,0,0,0,0,0,0,0,0.0125,0,0,0,0.0125,0,0,0.0125,0,0,0,0,0,0,0,0.0125
100033445,0.0375,0.0125,0,0.0125,0.05,0.025,0,0,0,0,0,0,0.0125,0.0125,0,0.0125,0.025,0.05,0,0.0125,0.0125,0.0125,0,0.0125,0,0,0,0,0,0,0,0.0125,0,0,0,0,0,0,0,0,0,0,0,0,0,0,0,0,0.025,0,0,0,0,0,0,0.0125,0,0,0,0,0,0,0,0.0125
100033413,0.073684,0.010526,0,0.052632,0.010526,0.010526,0,0.010526,0,0,0,0,0.021053,0.010526,0,0,0.042105,0.042105,0,0,0.031579,0,0,0,0,0,0,0,0,0,0,0,0,0,0,0,0,0,0,0,0,0,0,0,0,0,0,0,0.010526,0,0,0,0.010526,0.010526,0,0,0,0,0,0,0.010526,0,0,0.021053
100033427,0.065217,0.01087,0,0.032609,0,0.01087,0,0.01087,0,0,0,0,0.021739,0,0,0.01087,0.032609,0.021739,0,0.01087,0.021739,0,0,0,0,0,0,0,0,0,0,0,0,0,0,0,0,0,0,0,0,0,0,0,0,0,0,0,0.021739,0,0,0,0.01087,0,0,0,0,0,0,0,0.021739,0.01087,0,0
100033428,0.054348,0.01087,0,0.032609,0,0.01087,0,0.01087,0,0,0,0,0.021739,0,0,0.01087,0.043478,0.021739,0,0.01087,0.021739,0,0,0,0,0,0,0,0.01087,0,0,0,0,0,0,0,0,0,0,0,0,0,0,0,0,0,0,0,0.01087,0,0,0,0.021739,0,0,0,0,0,0,0,0.01087,0.01087,0,0
100033414,0.126316,0.010526,0,0.042105,0,0.010526,0,0.010526,0,0,0,0,0.021053,0,0,0.010526,0.042105,0.031579,0,0,0.031579,0,0,0,0,0,0,0,0,0,0,0,0,0,0,0,0,0,0,0,0,0,0,0,0,0,0,0,0.021053,0,0,0,0.010526,0.010526,0,0,0,0,0,0,0.021053,0.010526,0,0.021053
100033431,0.054348,0.01087,0,0.032609,0,0.01087,0,0.01087,0,0,0,0,0.021739,0,0,0,0.043478,0.021739,0,0.01087,0.021739,0,0,0,0,0,0,0,0,0,0,0,0,0,0,0,0,0,0,0,0,0,0,0,0,0,0,0,0.01087,0,0,0,0.021739,0,0,0,0,0,0,0,0.021739,0,0,0
100033432,0.054348,0.01087,0,0.032609,0,0.01087,0,0.01087,0,0,0,0,0.032609,0,0,0.01087,0.043478,0.021739,0,0.01087,0.021739,0,0,0,0,0,0,0,0,0,0,0,0,0,0,0,0,0,0,0,0,0,0,0,0,0,0,0,0.01087,0,0,0.01087,0.021739,0,0,0,0,0,0,0,0.021739,0.01087,0,0
100033435,0.054348,0.01087,0,0.032609,0,0.01087,0,0.01087,0,0,0,0,0.021739,0,0,0.01087,0.043478,0.021739,0,0.01087,0.021739,0,0,0,0,0,0,0,0.01087,0,0,0,0,0,0,0,0,0,0,0,0,0,0,0,0,0,0,0,0.01087,0,0,0,0.01087,0,0,0,0,0,0,0,0.01087,0.01087,0,0
100033436,0.054348,0,0,0.01087,0,0.01087,0,0.01087,0,0,0,0,0.01087,0,0,0.01087,0.021739,0.032609,0,0.021739,0.032609,0,0,0,0,0,0,0,0,0,0,0.01087,0,0,0,0,0,0,0,0,0,0,0,0,0,0,0,0,0.021739,0,0,0.021739,0.01087,0.01087,0,0,0,0,0,0,0.032609,0,0,0
100033821,0.108434,0.012048,0,0.024096,0.012048,0.012048,0,0.012048,0,0,0,0,0.024096,0,0,0.024096,0.036145,0.036145,0,0.036145,0.036145,0,0,0,0,0,0,0,0,0,0,0,0,0,0,0,0,0,0,0,0,0,0,0,0,0,0,0,0.024096,0,0,0.012048,0.012048,0,0,0,0,0,0,0,0.024096,0,0,0
100033415,0.073684,0.010526,0,0.042105,0.010526,0.010526,0,0.010526,0,0,0,0,0.021053,0,0,0.010526,0.042105,0.042105,0,0,0.031579,0,0,0,0,0,0,0,0,0,0,0,0,0,0,0,0,0,0,0,0,0,0,0,0,0,0,0,0.010526,0,0,0,0.010526,0.010526,0,0,0,0,0,0,0.021053,0.010526,0,0.031579
692233,0.027027,0.013514,0,0.013514,0,0.027027,0,0.013514,0,0,0,0,0.013514,0.013514,0,0.027027,0.013514,0.013514,0,0.040541,0.027027,0,0,0.013514,0,0,0,0,0.027027,0,0,0.013514,0,0,0,0,0,0,0,0,0,0,0,0,0,0,0,0,0.027027,0.027027,0,0.027027,0.013514,0,0,0,0,0,0,0,0.027027,0,0,0.013514
727676,0.007463,0,0,0.029851,0.022388,0.022388,0,0,0,0,0,0,0.014925,0.014925,0,0.014925,0.014925,0.014925,0,0.007463,0.029851,0.014925,0,0.007463,0,0,0,0,0.022388,0.007463,0,0,0,0,0,0,0,0,0,0,0,0,0,0,0,0,0,0,0.007463,0.022388,0,0.007463,0,0.007463,0,0,0,0,0,0,0,0.007463,0,0.007463
100113378,0,0.021277,0,0.010638,0.021277,0.010638,0,0.042553,0,0,0,0,0,0,0,0.010638,0.010638,0.031915,0,0.010638,0.021277,0,0,0.010638,0,0,0,0,0.010638,0.010638,0,0.010638,0,0,0,0,0,0,0,0,0,0,0,0,0,0,0,0,0,0.021277,0,0,0,0,0,0,0,0,0,0,0.010638,0,0,0
100113392,0.009091,0,0,0.009091,0,0.009091,0,0,0,0,0,0,0.018182,0,0,0.018182,0,0.009091,0,0,0,0.009091,0,0.009091,0,0,0,0,0.009091,0,0,0.009091,0,0,0,0,0,0,0,0,0,0,0,0,0,0,0,0,0.009091,0.009091,0,0.027273,0,0,0,0,0,0,0,0,0.009091,0,0,0
692057,0,0,0,0,0.011364,0,0,0.022727,0,0,0,0,0.022727,0,0,0.011364,0,0,0,0.011364,0,0,0,0.022727,0,0,0,0,0.022727,0,0,0.022727,0,0,0,0,0,0,0,0,0,0,0,0,0,0,0,0,0,0.045455,0,0.011364,0.011364,0,0,0,0,0,0,0,0.022727,0,0,0.034091
100113379,0.033708,0.022472,0,0.022472,0.022472,0,0,0.011236,0,0,0,0,0.033708,0,0,0.011236,0.022472,0.011236,0,0.011236,0.022472,0,0,0,0,0,0,0,0.011236,0,0,0,0,0,0,0,0,0,0,0,0,0,0,0,0,0,0,0,0.033708,0.011236,0,0.011236,0,0,0,0,0,0,0,0,0.033708,0,0,0
101340252,0.025974,0.025974,0,0,0.025974,0,0,0.025974,0,0,0,0,0.038961,0,0,0,0.012987,0.038961,0,0.038961,0.025974,0,0,0,0,0,0,0,0.025974,0,0,0,0,0,0,0,0,0,0,0,0,0,0,0,0,0,0,0,0.025974,0.012987,0,0.025974,0,0,0,0,0,0,0,0,0.025974,0,0,0
100113384,0.081395,0,0,0.011628,0,0,0,0,0,0,0,0,0.011628,0,0,0.011628,0.034884,0,0,0.011628,0,0.023256,0,0.011628,0,0,0,0,0,0.011628,0,0.011628,0,0,0,0,0,0,0,0,0,0,0,0,0,0,0,0,0.011628,0,0,0.023256,0,0,0,0.011628,0,0,0,0,0.023256,0,0,0
101340251,0.029412,0.04902,0,0,0.039216,0.04902,0,0.029412,0,0,0,0,0,0,0,0.009804,0.029412,0.04902,0,0.019608,0.039216,0.009804,0,0.009804,0,0,0,0,0.009804,0,0,0.019608,0,0,0,0,0,0,0,0,0,0,0,0,0,0,0,0,0.029412,0.019608,0,0.009804,0,0,0,0,0,0,0,0,0.019608,0,0,0.009804
100113380,0.010638,0.031915,0,0.010638,0.010638,0.010638,0,0.042553,0,0,0,0,0,0.010638,0,0.010638,0.021277,0.031915,0,0.010638,0,0.021277,0,0.021277,0,0,0,0,0.031915,0,0,0.021277,0,0,0,0,0,0,0,0,0,0,0,0,0,0,0,0,0.010638,0.010638,0,0.010638,0,0,0,0.010638,0,0,0,0,0,0,0,0.06383
100113391,0.030928,0.020619,0,0.010309,0.010309,0.010309,0,0.041237,0,0,0,0,0.030928,0,0,0,0.010309,0.010309,0,0.010309,0,0,0,0,0,0,0,0,0.020619,0,0,0.020619,0,0,0,0,0,0,0,0,0,0,0,0,0,0,0,0,0,0.051546,0,0.010309,0,0,0,0,0,0,0,0,0.010309,0.010309,0,0
100113389,0.050505,0.010101,0,0.030303,0.020202,0.010101,0,0,0,0,0,0,0.020202,0,0,0,0.010101,0.010101,0,0.010101,0.010101,0,0,0.010101,0,0,0,0,0.010101,0,0,0.010101,0,0,0,0,0,0,0,0,0,0,0,0,0,0,0,0,0.020202,0.010101,0,0.010101,0,0,0,0,0,0,0,0,0.010101,0,0,0.010101
100113393,0,0.009901,0,0.009901,0.009901,0,0,0.039604,0,0,0,0,0.009901,0,0,0,0,0.009901,0,0.029703,0,0,0,0.009901,0,0,0,0,0.009901,0,0,0.019802,0,0,0,0,0,0,0,0,0,0,0,0,0,0,0,0,0,0.029703,0,0,0.019802,0,0,0,0,0,0,0,0.019802,0.009901,0,0.019802
26765,0.012987,0,0,0,0.012987,0,0,0,0,0,0,0,0.025974,0.012987,0,0,0,0,0,0.038961,0,0,0,0,0,0,0,0,0,0,0,0.012987,0,0,0,0,0,0,0,0,0,0,0,0,0,0,0,0,0.012987,0.025974,0,0.012987,0.012987,0,0,0,0,0,0,0,0.025974,0,0,0.025974
692084,0,0,0,0.009804,0.009804,0,0,0.009804,0,0,0,0,0.009804,0.029412,0,0.039216,0.009804,0.019608,0,0.019608,0,0.019608,0,0.009804,0,0,0,0,0.009804,0.009804,0,0.009804,0,0,0,0,0,0,0,0,0,0,0,0,0,0,0,0,0,0,0,0.019608,0.009804,0,0,0.009804,0,0,0,0,0.009804,0.009804,0,0.019608
26822,0.011111,0,0,0,0.022222,0,0,0,0,0,0,0,0.011111,0,0,0.011111,0.011111,0.022222,0,0.011111,0.011111,0,0,0.011111,0,0,0,0,0.011111,0,0,0.022222,0,0,0,0,0,0,0,0,0,0,0,0,0,0,0,0,0,0.044444,0,0.022222,0,0,0,0.011111,0,0,0,0,0.044444,0,0,0
85388,0.022472,0.011236,0,0.022472,0.011236,0.011236,0,0,0,0,0,0,0.011236,0,0,0.022472,0.011236,0.022472,0,0,0.011236,0.011236,0,0,0,0,0,0,0.011236,0,0,0,0,0,0,0,0,0,0,0,0,0,0,0,0,0,0,0,0.011236,0.022472,0,0.022472,0,0,0,0.011236,0,0,0,0,0.033708,0,0,0
85389,0.034884,0.011628,0,0.023256,0,0,0,0.023256,0,0,0,0,0.023256,0,0,0.023256,0,0.023256,0,0,0.011628,0,0,0.023256,0,0,0,0,0.011628,0.011628,0,0,0,0,0,0,0,0,0,0,0,0,0,0,0,0,0,0,0.023256,0,0,0.023256,0.011628,0,0,0.011628,0,0,0,0,0.023256,0,0,0
85390,0.035294,0.011765,0,0.011765,0.011765,0,0,0.011765,0,0,0,0,0,0,0,0.023529,0.011765,0.011765,0,0,0.023529,0,0,0.011765,0,0,0,0,0,0.011765,0,0.011765,0,0,0,0,0,0,0,0,0,0,0,0,0,0,0,0,0.011765,0.023529,0,0.011765,0.011765,0,0,0.011765,0,0,0,0,0.058824,0,0,0
85391,0.025641,0.012821,0,0.025641,0.012821,0.012821,0,0,0,0,0,0,0.012821,0,0,0.025641,0.025641,0.012821,0,0,0.012821,0,0,0.012821,0,0,0,0,0.012821,0.012821,0,0,0,0,0,0,0,0,0,0,0,0,0,0,0,0,0,0,0.038462,0.012821,0,0.012821,0,0.012821,0,0.012821,0,0,0,0,0.038462,0,0,0
6079,0.013699,0.034247,0,0,0.041096,0.020548,0,0.006849,0,0,0,0,0.006849,0.006849,0,0,0.020548,0.034247,0,0.020548,0.006849,0.013699,0,0.020548,0,0,0,0,0.013699,0.006849,0,0.020548,0,0,0,0,0,0,0,0,0,0,0,0,0,0,0,0,0,0.013699,0,0.006849,0.013699,0,0,0,0,0,0,0,0.006849,0,0,0.013699
114599,0.006944,0.020833,0,0,0.027778,0.020833,0,0,0,0,0,0,0.006944,0.027778,0,0,0.020833,0.027778,0,0.013889,0,0,0,0.013889,0,0,0,0,0.020833,0,0,0.006944,0,0,0,0,0,0,0,0,0,0,0,0,0,0,0,0,0,0.027778,0,0.020833,0.027778,0,0,0,0,0,0,0,0.006944,0,0,0
595097,0.020408,0.020408,0,0,0.010204,0.010204,0,0.030612,0,0,0,0,0.020408,0.010204,0,0,0.020408,0.010204,0,0.020408,0,0,0,0,0,0,0,0,0.020408,0.020408,0,0.010204,0,0,0,0,0,0,0,0,0,0,0,0,0,0,0,0,0.020408,0.040816,0,0,0.020408,0,0,0,0,0,0,0,0,0,0,0
595098,0.014706,0,0,0.014706,0,0,0,0,0,0,0,0,0.014706,0,0,0.014706,0.029412,0,0,0,0.014706,0,0,0,0,0,0,0,0,0,0,0,0,0,0,0,0,0,0,0,0,0,0,0,0,0,0,0,0,0.014706,0,0.029412,0,0.014706,0,0,0,0,0,0,0.029412,0.014706,0,0
595099,0.058824,0,0,0.014706,0.014706,0,0,0,0,0,0,0,0.029412,0,0,0,0.029412,0.014706,0,0.014706,0.014706,0,0,0,0,0,0,0,0,0,0,0,0,0,0,0,0,0,0,0,0,0,0,0,0,0,0,0,0.014706,0,0,0.029412,0,0,0,0,0,0,0,0,0.014706,0.014706,0,0
595100,0.030769,0.030769,0,0.015385,0.015385,0.015385,0,0,0,0,0,0,0.015385,0,0,0,0.030769,0.015385,0,0,0.015385,0,0,0,0,0,0,0,0,0,0,0,0,0,0,0,0,0,0,0,0,0,0,0,0,0,0,0,0.015385,0,0,0.015385,0,0,0,0,0,0,0,0,0.015385,0.015385,0,0
692089,0.027027,0.027027,0,0.027027,0.027027,0.027027,0,0.027027,0,0,0,0,0.027027,0.013514,0,0,0.027027,0.027027,0,0.013514,0.013514,0.013514,0,0,0,0,0,0,0.013514,0,0,0.013514,0,0,0,0,0,0,0,0,0,0,0,0,0,0,0,0,0.027027,0.027027,0,0.013514,0.013514,0,0,0,0,0,0,0,0.013514,0,0,0
100113381,0.065934,0.021978,0,0.010989,0.043956,0,0,0.010989,0,0,0,0,0.021978,0,0,0,0.032967,0.021978,0,0,0,0,0,0,0,0,0,0,0,0,0,0.010989,0,0,0,0,0,0,0,0,0,0,0,0,0,0,0,0,0.032967,0.032967,0,0,0,0,0,0,0,0,0,0,0.021978,0,0,0
677848,0.041667,0.027778,0,0,0,0.027778,0,0.013889,0,0,0,0,0.013889,0,0,0,0.027778,0.027778,0,0.013889,0.027778,0.013889,0,0.013889,0,0,0,0,0,0,0,0.013889,0,0,0,0,0,0,0,0,0,0,0,0,0,0,0,0,0.013889,0,0,0.013889,0,0,0,0,0,0,0,0,0,0,0,0.013889
677849,0.035714,0.047619,0,0.011905,0.011905,0.02381,0,0,0,0,0,0,0,0,0,0,0.059524,0.011905,0,0,0.011905,0,0,0.02381,0,0,0,0,0.011905,0,0,0.011905,0,0,0,0,0,0,0,0,0,0,0,0,0,0,0,0,0.02381,0.011905,0,0,0,0,0,0,0,0,0,0,0.011905,0,0,0.011905
677850,0.025641,0.012821,0,0,0,0.051282,0,0.025641,0,0,0,0,0,0,0,0,0.012821,0.064103,0,0.012821,0.025641,0,0,0.012821,0,0,0,0,0,0,0,0,0,0,0,0,0,0,0,0,0,0,0,0,0,0,0,0,0,0.012821,0,0,0,0,0,0,0,0,0,0,0,0,0,0.012821
619567,0.029412,0.029412,0,0,0.029412,0,0,0,0,0,0,0,0,0,0,0.014706,0.058824,0.014706,0,0.029412,0.014706,0.014706,0,0.014706,0,0,0,0,0.014706,0,0,0,0,0,0,0,0,0,0,0,0,0,0,0,0,0,0,0,0.014706,0,0,0.014706,0,0.014706,0,0,0,0,0,0,0,0,0,0
6082,0.051282,0.025641,0,0,0.038462,0,0,0,0,0,0,0,0,0,0,0.012821,0.038462,0.012821,0,0.012821,0.012821,0,0,0,0,0,0,0,0,0,0,0,0,0,0,0,0,0,0,0,0,0,0,0,0,0,0,0,0.025641,0.012821,0,0,0,0,0,0,0,0,0,0,0.012821,0,0,0
6083,0,0.010753,0,0.010753,0.010753,0,0,0.021505,0,0,0,0,0,0.010753,0,0,0.010753,0.010753,0,0.021505,0.010753,0.010753,0,0.010753,0,0,0,0,0.032258,0.010753,0,0,0,0,0,0,0,0,0,0,0,0,0,0,0,0,0,0,0.010753,0.032258,0,0.010753,0.010753,0.010753,0,0,0,0,0,0,0.010753,0,0,0.010753
9304,0.016129,0.040323,0,0.024194,0.048387,0.032258,0,0.008065,0,0,0,0,0.008065,0,0,0.008065,0.056452,0.032258,0,0.008065,0.040323,0.040323,0,0.008065,0,0,0,0,0,0,0,0.008065,0,0,0,0,0,0,0,0,0,0,0,0,0,0,0,0,0.008065,0.016129,0,0.016129,0,0,0,0,0,0,0,0,0.032258,0,0,0.024194
692091,0,0,0,0,0,0.027778,0,0,0,0,0,0,0.018519,0,0,0.018519,0,0.009259,0,0.018519,0,0.092593,0,0.074074,0,0,0,0,0.009259,0.009259,0,0.055556,0,0,0,0,0,0,0,0,0,0,0,0,0,0,0,0,0.009259,0.037037,0,0.018519,0.009259,0,0,0,0,0,0,0,0.064815,0.009259,0,0.092593
26820,0.041096,0.027397,0,0.013699,0.068493,0,0,0,0,0,0,0,0.013699,0,0,0.027397,0.013699,0.027397,0,0.013699,0,0,0,0,0,0,0,0,0.027397,0,0,0,0,0,0,0,0,0,0,0,0,0,0,0,0,0,0,0,0.013699,0.013699,0,0.013699,0,0,0,0.013699,0,0,0,0,0.027397,0,0,0
9303,0.015385,0,0,0.015385,0.030769,0.046154,0,0.015385,0,0,0,0,0.015385,0,0,0.030769,0,0.076923,0,0.030769,0.046154,0,0,0,0,0,0,0,0,0,0,0,0,0,0,0,0,0,0,0,0,0,0,0,0,0,0,0,0,0.015385,0,0.015385,0,0,0,0,0,0,0,0,0,0.015385,0,0
9302,0.054795,0,0,0.041096,0.027397,0,0,0.013699,0,0,0,0,0.013699,0.027397,0,0,0.054795,0.027397,0,0,0.041096,0.027397,0,0,0,0,0,0,0,0,0,0,0,0,0,0,0,0,0,0,0,0,0,0,0,0,0,0,0,0.013699,0,0,0.013699,0.013699,0,0,0,0,0,0,0,0,0,0
9301,0.028571,0.042857,0,0.028571,0.014286,0,0,0.014286,0,0,0,0,0.042857,0,0,0,0.042857,0.014286,0,0.014286,0,0,0,0.014286,0,0,0,0,0.014286,0,0,0,0,0,0,0,0,0,0,0,0,0,0,0,0,0,0,0,0.042857,0,0,0.014286,0,0,0,0,0,0,0,0,0.014286,0,0,0
9300,0.027397,0.027397,0,0,0.027397,0.013699,0,0.027397,0,0,0,0,0.013699,0,0,0,0.013699,0.027397,0,0,0,0,0,0.013699,0,0,0,0,0.027397,0,0,0,0,0,0,0,0,0,0,0,0,0,0,0,0,0,0,0,0.013699,0.013699,0,0,0,0,0,0,0,0,0,0,0,0,0,0
9299,0.014706,0,0,0,0.014706,0,0,0,0,0,0,0,0.014706,0,0,0,0.029412,0.014706,0,0.044118,0.014706,0,0,0.014706,0,0,0,0,0,0,0,0,0,0,0,0,0,0,0,0,0,0,0,0,0,0,0,0,0,0,0,0,0,0.014706,0,0,0,0,0,0,0,0,0,0
9298,0.015152,0.015152,0,0,0,0.015152,0,0.015152,0,0,0,0,0,0,0,0.030303,0.030303,0.030303,0,0.015152,0,0,0,0,0,0,0,0,0,0,0,0.015152,0,0,0,0,0,0,0,0,0,0,0,0,0,0,0,0,0.015152,0.030303,0,0.015152,0,0,0,0.015152,0,0,0,0,0.030303,0.015152,0,0.030303
26819,0,0,0,0.025,0.025,0.0125,0,0.0125,0,0,0,0,0.0125,0.0125,0,0.05,0,0.05,0,0.0125,0,0,0,0.0125,0,0,0,0,0.025,0,0,0.0125,0,0,0,0,0,0,0,0,0,0,0,0,0,0,0,0,0.025,0.0125,0,0.0375,0,0.0125,0,0.0125,0,0,0,0,0.0375,0.0125,0,0.025
26818,0,0,0,0.012346,0.024691,0.012346,0,0,0,0,0,0,0.024691,0,0,0.024691,0.012346,0.049383,0,0.024691,0,0,0,0.024691,0,0,0,0,0.012346,0,0,0.024691,0,0,0,0,0,0,0,0,0,0,0,0,0,0,0,0,0,0,0,0.061728,0.024691,0.012346,0,0,0,0,0,0,0.061728,0.024691,0,0.024691
26817,0.015625,0.015625,0,0.015625,0.015625,0,0,0.03125,0,0,0,0,0.015625,0.015625,0,0.015625,0.015625,0.015625,0,0.015625,0,0,0,0.015625,0,0,0,0,0.046875,0,0,0,0,0,0,0,0,0,0,0,0,0,0,0,0,0,0,0,0.015625,0.015625,0,0.015625,0,0,0,0.03125,0,0,0,0,0.015625,0.015625,0,0
26816,0,0,0,0,0.011905,0.011905,0,0.011905,0,0,0,0,0.011905,0.011905,0,0,0.011905,0.011905,0,0.011905,0.035714,0.011905,0,0.035714,0,0,0,0,0.011905,0.02381,0,0.02381,0,0,0,0,0,0,0,0,0,0,0,0,0,0,0,0,0.02381,0.02381,0,0.011905,0.02381,0.011905,0,0,0,0,0,0,0.02381,0,0,0.011905
84546,0.046512,0.011628,0,0.011628,0.034884,0,0,0.011628,0,0,0,0,0,0.023256,0,0,0.023256,0.011628,0,0,0.011628,0.011628,0,0.023256,0,0,0,0,0.023256,0,0,0.034884,0,0,0,0,0,0,0,0,0,0,0,0,0,0,0,0,0,0.023256,0,0.046512,0.011628,0.011628,0,0,0,0,0,0,0.023256,0.011628,0,0.011628
26815,0,0.014286,0,0.028571,0,0,0,0.028571,0,0,0,0,0,0,0,0.028571,0.057143,0.028571,0,0,0,0,0,0,0,0,0,0,0.028571,0.014286,0,0,0,0,0,0,0,0,0,0,0,0,0,0,0,0,0,0,0.042857,0,0,0.014286,0.014286,0,0,0,0,0,0,0,0.014286,0,0,0.014286
26814,0.072464,0.014493,0,0.028986,0.014493,0,0,0.014493,0,0,0,0,0.014493,0,0,0.014493,0.028986,0.043478,0,0,0,0,0,0.014493,0,0,0,0,0.014493,0,0,0.014493,0,0,0,0,0,0,0,0,0,0,0,0,0,0,0,0,0,0.014493,0,0.014493,0.014493,0,0,0,0,0,0,0,0,0.014493,0,0
26813,0.030303,0.015152,0,0.015152,0.015152,0.015152,0,0.015152,0,0,0,0,0,0,0,0.030303,0.030303,0.015152,0,0,0,0,0,0.015152,0,0,0,0,0.045455,0,0,0.015152,0,0,0,0,0,0,0,0,0,0,0,0,0,0,0,0,0.030303,0.015152,0,0.015152,0,0,0,0,0,0,0,0,0.030303,0,0,0
26812,0.015625,0.03125,0,0,0.03125,0.015625,0,0.015625,0,0,0,0,0,0,0,0.015625,0.03125,0.015625,0,0.03125,0,0,0,0,0,0,0,0,0,0.015625,0,0.015625,0,0,0,0,0,0,0,0,0,0,0,0,0,0,0,0,0,0.015625,0,0.015625,0,0,0,0,0,0,0,0,0.015625,0,0,0
94162,0.028986,0.014493,0,0.014493,0.057971,0.043478,0,0.014493,0,0,0,0,0,0,0,0,0.043478,0.086957,0,0,0.028986,0.014493,0,0.014493,0,0,0,0,0,0,0,0.014493,0,0,0,0,0,0,0,0,0,0,0,0,0,0,0,0,0,0.014493,0,0,0,0,0,0,0,0,0,0,0.014493,0,0,0
94163,0.044776,0.044776,0,0.014925,0.029851,0.014925,0,0,0,0,0,0,0.014925,0,0,0,0.029851,0.029851,0,0.014925,0.014925,0,0,0,0,0,0,0,0,0,0,0,0,0,0,0,0,0,0,0,0,0,0,0,0,0,0,0,0,0.044776,0,0,0,0,0,0,0,0,0,0,0.014925,0,0,0
780851,0.009302,0.018605,0,0.018605,0.04186,0.018605,0,0.023256,0,0,0,0,0,0.013953,0,0.009302,0.027907,0.055814,0,0.004651,0.018605,0.018605,0,0.013953,0,0,0,0,0.009302,0.018605,0,0.013953,0,0,0,0,0,0,0,0,0,0,0,0,0,0,0,0,0.004651,0.009302,0,0.009302,0.009302,0.009302,0,0.004651,0,0,0,0,0.009302,0.018605,0,0
26851,0.009302,0.018605,0,0.018605,0.04186,0.018605,0,0.023256,0,0,0,0,0,0.009302,0,0.009302,0.027907,0.055814,0,0.004651,0.018605,0.018605,0,0.013953,0,0,0,0,0.009302,0.018605,0,0.013953,0,0,0,0,0,0,0,0,0,0,0,0,0,0,0,0,0.004651,0.009302,0,0.004651,0.009302,0.009302,0,0.004651,0,0,0,0,0.004651,0.023256,0,0.009302
780852,0.009302,0.018605,0,0.018605,0.04186,0.018605,0,0.023256,0,0,0,0,0,0.009302,0,0.009302,0.027907,0.055814,0,0.004651,0.018605,0.018605,0,0.013953,0,0,0,0,0.009302,0.018605,0,0.013953,0,0,0,0,0,0,0,0,0,0,0,0,0,0,0,0,0.004651,0.009302,0,0.004651,0.009302,0.009302,0,0.004651,0,0,0,0,0.004651,0.023256,0,0.009302
780853,0.009302,0.018605,0,0.023256,0.04186,0.018605,0,0.018605,0,0,0,0,0,0.018605,0,0.009302,0.032558,0.051163,0,0.004651,0.018605,0.018605,0,0.013953,0,0,0,0,0.009302,0.013953,0,0.013953,0,0,0,0,0,0,0,0,0,0,0,0,0,0,0,0,0.004651,0.009302,0,0.009302,0.009302,0.009302,0,0.004651,0,0,0,0,0.009302,0.018605,0,0
780854,0.009302,0.018605,0,0.018605,0.037209,0.023256,0,0.023256,0,0,0,0,0,0.009302,0,0.009302,0.027907,0.055814,0,0,0.018605,0.018605,0,0.018605,0,0,0,0,0.009302,0.018605,0,0.013953,0,0,0,0,0,0,0,0,0,0,0,0,0,0,0,0,0.004651,0.009302,0,0.004651,0.009302,0.009302,0,0.004651,0,0,0,0,0.004651,0.023256,0,0.009302
26843,0.023438,0.023438,0,0.007812,0.054688,0.007812,0,0.015625,0,0,0,0,0,0.007812,0,0.007812,0.015625,0.03125,0,0.015625,0.007812,0.007812,0,0,0,0,0,0,0.007812,0,0,0,0,0,0,0,0,0,0,0,0,0,0,0,0,0,0,0,0.007812,0.015625,0,0.015625,0,0,0,0,0,0,0,0,0.03125,0,0,0.03125
26810,0,0.014706,0,0.014706,0,0,0,0,0,0,0,0,0.014706,0,0,0.014706,0.029412,0,0,0.029412,0.029412,0.014706,0,0.014706,0,0,0,0,0,0.014706,0,0,0,0,0,0,0,0,0,0,0,0,0,0,0,0,0,0,0,0,0,0.014706,0,0,0,0.014706,0,0,0,0,0,0,0,0
26809,0.1,0.05,0,0.033333,0.016667,0.016667,0,0,0,0,0,0,0.033333,0,0,0.016667,0.1,0,0,0.016667,0.05,0.016667,0,0,0,0,0,0,0,0,0,0,0,0,0,0,0,0,0,0,0,0,0,0,0,0,0,0,0.016667,0,0,0.016667,0,0,0,0,0,0,0,0,0.016667,0,0,0
26808,0.046154,0.030769,0,0.015385,0,0.015385,0,0,0,0,0,0,0.015385,0,0,0.015385,0.030769,0,0,0.015385,0.030769,0,0,0,0,0,0,0,0.030769,0,0,0,0,0,0,0,0,0,0,0,0,0,0,0,0,0,0,0,0.015385,0,0,0.046154,0,0,0,0,0,0,0,0,0.015385,0,0,0
26807,0.016667,0,0,0.033333,0.033333,0,0,0,0,0,0,0,0.033333,0.033333,0,0,0.033333,0,0,0.033333,0.016667,0.016667,0,0.016667,0,0,0,0,0,0.016667,0,0,0,0,0,0,0,0,0,0,0,0,0,0,0,0,0,0,0,0.033333,0,0.033333,0,0.033333,0,0,0,0,0,0,0,0,0,0
26806,0.016949,0.033898,0,0.033898,0,0.016949,0,0.033898,0,0,0,0,0.016949,0,0,0,0.033898,0,0,0.033898,0.016949,0,0,0,0,0,0,0,0.016949,0,0,0,0,0,0,0,0,0,0,0,0,0,0,0,0,0,0,0,0.016949,0,0,0,0,0,0,0,0,0,0,0,0,0,0,0
26805,0,0,0,0.012195,0.02439,0,0,0.012195,0,0,0,0,0.012195,0,0,0.012195,0.02439,0.012195,0,0.012195,0,0,0,0.012195,0,0,0,0,0.012195,0,0,0,0,0,0,0,0,0,0,0,0,0,0,0,0,0,0,0,0.012195,0,0,0.012195,0,0,0,0,0,0,0,0,0,0,0,0
26804,0.014493,0.014493,0,0,0.028986,0,0,0.014493,0,0,0,0,0.014493,0,0,0.014493,0.028986,0.028986,0,0.014493,0,0,0,0.014493,0,0,0,0,0.014493,0,0,0,0,0,0,0,0,0,0,0,0,0,0,0,0,0,0,0,0.014493,0,0,0.014493,0,0,0,0,0,0,0,0,0,0,0,0
692085,0.013158,0.013158,0,0,0.026316,0,0,0.013158,0,0,0,0,0,0,0,0.013158,0.026316,0.026316,0,0.013158,0,0,0,0.013158,0,0,0,0,0.013158,0,0,0,0,0,0,0,0,0,0,0,0,0,0,0,0,0,0,0,0.013158,0,0,0,0,0,0,0,0,0,0,0,0,0,0,0
94161,0.03125,0.020833,0,0,0.010417,0.03125,0,0,0,0,0,0,0.010417,0,0,0.010417,0.020833,0,0,0.020833,0.010417,0.010417,0,0.020833,0,0,0,0,0.010417,0.010417,0,0.03125,0,0,0,0,0,0,0,0,0,0,0,0,0,0,0,0,0.020833,0,0,0.03125,0,0,0,0,0,0,0,0,0.020833,0.010417,0,0
26802,0.053333,0,0,0.026667,0,0.013333,0,0,0,0,0,0,0,0,0,0.026667,0.013333,0.013333,0,0,0,0,0,0,0,0,0,0,0,0,0,0.013333,0,0,0,0,0,0,0,0,0,0,0,0,0,0,0,0,0.026667,0,0,0.013333,0,0,0,0,0,0,0,0,0.04,0.013333,0,0
26801,0,0,0,0.016393,0,0.016393,0,0.016393,0,0,0,0,0,0,0,0.04918,0,0.016393,0,0.032787,0,0,0,0,0,0,0,0,0.016393,0.016393,0,0.016393,0,0,0,0,0,0,0,0,0,0,0,0,0,0,0,0,0,0.032787,0,0.016393,0,0,0,0.04918,0,0,0,0,0.032787,0.016393,0,0.032787
26800,0.014493,0.043478,0,0.014493,0.028986,0.014493,0,0.014493,0,0,0,0,0,0.014493,0,0,0.057971,0,0,0.028986,0.014493,0,0,0,0,0,0,0,0,0.014493,0,0.014493,0,0,0,0,0,0,0,0,0,0,0,0,0,0,0,0,0,0.014493,0,0.014493,0.028986,0,0,0,0,0,0,0,0,0.014493,0,0
692087,0,0.043478,0,0.021739,0.021739,0.021739,0,0.021739,0,0,0,0,0,0.021739,0,0,0.043478,0,0,0.021739,0.021739,0,0,0,0,0,0,0,0,0.021739,0,0.021739,0,0,0,0,0,0,0,0,0,0,0,0,0,0,0,0,0,0.021739,0,0,0.043478,0,0,0,0,0,0,0,0,0.021739,0,0
26773,0.042857,0.042857,0,0.014286,0.014286,0,0,0.014286,0,0,0,0,0.028571,0,0,0.042857,0.014286,0,0,0.028571,0,0,0,0,0,0,0,0,0.028571,0.014286,0,0,0,0,0,0,0,0,0,0,0,0,0,0,0,0,0,0,0.028571,0.014286,0,0.028571,0.014286,0,0,0,0,0,0,0,0.014286,0,0,0
26772,0.027778,0.013889,0,0.013889,0,0,0,0.027778,0,0,0,0,0,0,0,0.027778,0,0,0,0.027778,0,0.013889,0,0,0,0,0,0,0.041667,0.013889,0,0.013889,0,0,0,0,0,0,0,0,0,0,0,0,0,0,0,0,0.027778,0,0,0.013889,0.013889,0,0,0,0,0,0,0,0.013889,0,0,0.013889
692072,0.028169,0,0,0.070423,0.028169,0,0,0,0,0,0,0,0.014085,0.014085,0,0,0.042254,0.014085,0,0.014085,0,0.014085,0,0.014085,0,0,0,0,0.014085,0,0,0,0,0,0,0,0,0,0,0,0,0,0,0,0,0,0,0,0.014085,0.028169,0,0,0,0.014085,0,0,0,0,0,0,0,0,0,0
26799,0.123288,0,0,0.041096,0.013699,0,0,0,0,0,0,0,0,0.013699,0,0.013699,0.041096,0.013699,0,0,0.013699,0,0,0.013699,0,0,0,0,0,0,0,0,0,0,0,0,0,0,0,0,0,0,0,0,0,0,0,0,0,0,0,0,0.013699,0.013699,0,0,0,0,0,0,0,0.013699,0,0.013699
692088,0.057971,0.043478,0,0.028986,0.028986,0,0,0.014493,0,0,0,0,0,0.014493,0,0.028986,0.057971,0.014493,0,0,0.014493,0,0,0.014493,0,0,0,0,0,0,0,0,0,0,0,0,0,0,0,0,0,0,0,0,0,0,0,0,0.014493,0,0,0,0.014493,0.028986,0,0,0,0,0,0,0,0.014493,0,0.014493
26798,0.044118,0,0,0,0,0,0,0,0,0,0,0,0,0,0,0.014706,0.014706,0.014706,0,0,0.014706,0,0,0.014706,0,0,0,0,0.014706,0,0,0,0,0,0,0,0,0,0,0,0,0,0,0,0,0,0,0,0.014706,0,0,0.014706,0,0.014706,0,0,0,0,0,0,0.014706,0,0,0
26797,0.032258,0.016129,0,0.016129,0.032258,0,0,0,0,0,0,0,0.016129,0,0,0,0.016129,0.016129,0,0.016129,0.016129,0.016129,0,0,0,0,0,0,0,0,0,0,0,0,0,0,0,0,0,0,0,0,0,0,0,0,0,0,0.016129,0.016129,0,0.016129,0.016129,0,0,0,0,0,0,0,0,0.016129,0,0
26796,0,0,0,0,0.026316,0,0,0.013158,0,0,0,0,0.026316,0,0,0.013158,0,0.039474,0,0.026316,0,0,0,0.026316,0,0,0,0,0.013158,0,0,0,0,0,0,0,0,0,0,0,0,0,0,0,0,0,0,0,0,0.013158,0,0.013158,0,0,0,0.013158,0,0,0,0,0.013158,0,0,0
26795,0,0,0,0.016393,0,0.032787,0,0.016393,0,0,0,0,0,0.032787,0,0.016393,0,0.065574,0,0,0.016393,0,0,0.016393,0,0,0,0,0,0.016393,0,0.016393,0,0,0,0,0,0,0,0,0,0,0,0,0,0,0,0,0,0,0,0,0.016393,0.016393,0,0.016393,0,0,0,0,0,0,0,0
26811,0,0.013889,0,0.027778,0.013889,0,0,0.041667,0,0,0,0,0.013889,0,0,0.013889,0.013889,0.055556,0,0.013889,0.027778,0.027778,0,0,0,0,0,0,0.013889,0.027778,0,0.013889,0,0,0,0,0,0,0,0,0,0,0,0,0,0,0,0,0.027778,0,0,0,0.013889,0.027778,0,0.013889,0,0,0,0,0.013889,0.013889,0,0.013889
26793,0,0,0,0.014493,0.014493,0,0,0.014493,0,0,0,0,0.028986,0,0,0.014493,0,0.043478,0,0.014493,0,0.014493,0,0.014493,0,0,0,0,0.028986,0,0,0,0,0,0,0,0,0,0,0,0,0,0,0,0,0,0,0,0.043478,0.028986,0,0.028986,0,0,0,0,0,0,0,0,0.014493,0,0,0
26792,0.071429,0,0,0.028571,0.014286,0.028571,0,0.028571,0,0,0,0,0,0,0,0.014286,0.028571,0.057143,0,0.014286,0.028571,0,0,0.014286,0,0,0,0,0.014286,0,0,0.028571,0,0,0,0,0,0,0,0,0,0,0,0,0,0,0,0,0.014286,0,0,0,0,0,0,0,0,0,0,0,0,0,0,0
26791,0.047619,0,0,0,0,0.015873,0,0.031746,0,0,0,0,0.015873,0,0,0.031746,0.015873,0.015873,0,0.031746,0.031746,0,0,0,0,0,0,0,0.031746,0,0,0,0,0,0,0,0,0,0,0,0,0,0,0,0,0,0,0,0,0.031746,0,0.015873,0,0,0,0,0,0,0,0,0,0.015873,0,0
26790,0.03125,0,0,0.03125,0,0.015625,0,0.03125,0,0,0,0,0.03125,0,0,0.015625,0.015625,0.015625,0,0.015625,0.03125,0,0,0.015625,0,0,0,0,0.03125,0.015625,0,0,0,0,0,0,0,0,0,0,0,0,0,0,0,0,0,0,0.015625,0.015625,0,0.015625,0.015625,0,0,0,0,0,0,0,0,0,0,0
100124516,0.045455,0.022727,0,0.034091,0.034091,0.011364,0,0.011364,0,0,0,0,0.011364,0,0,0.034091,0.045455,0.011364,0,0.022727,0.022727,0,0,0,0,0,0,0,0.011364,0,0,0,0,0,0,0,0,0,0,0,0,0,0,0,0,0,0,0,0.011364,0,0,0.022727,0,0,0,0,0,0,0,0,0,0,0,0.011364
26789,0.027397,0.027397,0,0,0.013699,0.027397,0,0.013699,0,0,0,0,0.013699,0,0,0,0.027397,0.027397,0,0.013699,0,0,0,0,0,0,0,0,0,0,0,0.013699,0,0,0,0,0,0,0,0,0,0,0,0,0,0,0,0,0.013699,0,0,0.013699,0,0,0,0,0,0,0,0,0.013699,0,0,0
692090,0,0.027397,0,0,0.027397,0.013699,0,0.013699,0,0,0,0,0,0.013699,0,0,0.027397,0.041096,0,0.013699,0,0,0,0,0,0,0,0,0.013699,0,0,0.013699,0,0,0,0,0,0,0,0,0,0,0,0,0,0,0,0,0.013699,0.013699,0,0.013699,0,0,0,0,0,0,0,0,0.013699,0,0,0
692075,0.043478,0.014493,0,0.028986,0,0.014493,0,0,0,0,0,0,0.014493,0,0,0,0.072464,0,0,0,0,0.043478,0,0.043478,0,0,0,0,0,0.014493,0,0.014493,0,0,0,0,0,0,0,0,0,0,0,0,0,0,0,0,0.014493,0,0,0,0.014493,0,0,0,0,0,0,0,0,0,0,0
26788,0.024691,0.012346,0,0.012346,0.012346,0.012346,0,0.012346,0,0,0,0,0.012346,0.012346,0,0.012346,0.024691,0.012346,0,0.037037,0,0,0,0.012346,0,0,0,0,0.037037,0,0,0,0,0,0,0,0,0,0,0,0,0,0,0,0,0,0,0,0.012346,0.012346,0,0.024691,0,0,0,0,0,0,0,0,0,0,0,0
26787,0,0.028169,0,0,0.014085,0,0,0.014085,0,0,0,0,0.014085,0,0,0,0.028169,0.014085,0,0.014085,0,0,0,0,0,0,0,0,0.014085,0,0,0,0,0,0,0,0,0,0,0,0,0,0,0,0,0,0,0,0,0,0,0,0,0,0,0,0,0,0,0,0,0,0,0
26786,0,0.011905,0,0,0.059524,0.02381,0,0.011905,0,0,0,0,0.011905,0,0,0.011905,0.011905,0.047619,0,0.047619,0.035714,0.011905,0,0,0,0,0,0,0.011905,0,0,0,0,0,0,0,0,0,0,0,0,0,0,0,0,0,0,0,0.02381,0.035714,0,0.011905,0,0,0,0,0,0,0,0,0.02381,0,0,0.011905
692093,0,0.011905,0,0,0.059524,0.02381,0,0.011905,0,0,0,0,0.011905,0,0,0.011905,0.011905,0.047619,0,0.047619,0.035714,0.011905,0,0,0,0,0,0,0.011905,0,0,0,0,0,0,0,0,0,0,0,0,0,0,0,0,0,0,0,0.02381,0.035714,0,0.011905,0,0,0,0,0,0,0,0,0.02381,0,0,0.011905
26785,0.045455,0.015152,0,0.045455,0.015152,0,0,0.015152,0,0,0,0,0.045455,0.015152,0,0,0.045455,0.015152,0,0.015152,0.015152,0,0,0,0,0,0,0,0.030303,0,0,0,0,0,0,0,0,0,0,0,0,0,0,0,0,0,0,0,0.030303,0,0,0.030303,0,0,0,0,0,0,0,0,0,0,0,0
347686,0.015385,0.046154,0,0.015385,0,0,0,0.046154,0,0,0,0,0,0.015385,0,0,0.030769,0.030769,0,0,0.015385,0,0,0,0,0,0,0,0.015385,0,0,0,0,0,0,0,0,0,0,0,0,0,0,0,0,0,0,0,0.015385,0,0,0,0,0,0,0,0,0,0,0,0,0,0,0
692106,0.056338,0.014085,0,0.014085,0.014085,0,0,0.014085,0,0,0,0,0,0,0,0.042254,0.056338,0,0,0,0.014085,0,0,0.014085,0,0,0,0,0.014085,0,0,0,0,0,0,0,0,0,0,0,0,0,0,0,0,0,0,0,0.014085,0.014085,0,0.014085,0,0.014085,0,0,0,0,0,0,0.014085,0.014085,0,0.014085
692107,0,0,0,0.013514,0.013514,0.027027,0,0,0,0,0,0,0.013514,0.013514,0,0.013514,0.027027,0.040541,0,0.027027,0.040541,0.013514,0,0.013514,0,0,0,0,0,0,0,0.027027,0,0,0,0,0,0,0,0,0,0,0,0,0,0,0,0,0,0,0,0.040541,0,0,0,0,0,0,0,0,0.040541,0,0,0
692108,0.018349,0.009174,0,0,0.009174,0.027523,0,0.009174,0,0,0,0,0.045872,0,0,0.018349,0,0.036697,0,0.018349,0.009174,0.018349,0,0.018349,0,0,0,0,0.027523,0,0,0.018349,0,0,0,0,0,0,0,0,0,0,0,0,0,0,0,0,0.018349,0.036697,0,0.06422,0,0,0,0,0,0,0,0,0.027523,0,0,0.009174
606500,0.014286,0.014286,0,0.014286,0,0,0,0.014286,0,0,0,0,0.028571,0.014286,0,0.014286,0.042857,0,0,0.014286,0.014286,0,0,0.014286,0,0,0,0,0.014286,0.014286,0,0.014286,0,0,0,0,0,0,0,0,0,0,0,0,0,0,0,0,0,0,0,0.014286,0,0.028571,0,0.028571,0,0,0,0,0.014286,0.014286,0,0.014286
692109,0.026667,0.013333,0,0.026667,0,0,0,0.026667,0,0,0,0,0,0,0,0.013333,0.013333,0.026667,0,0.026667,0.013333,0,0,0,0,0,0,0,0.013333,0,0,0,0,0,0,0,0,0,0,0,0,0,0,0,0,0,0,0,0.04,0,0,0,0,0,0,0,0,0,0,0,0.013333,0,0,0.013333
692076,0,0.010526,0,0,0.010526,0.010526,0,0.021053,0,0,0,0,0,0,0,0.021053,0.010526,0.031579,0,0.021053,0,0.010526,0,0.010526,0,0,0,0,0,0.010526,0,0.021053,0,0,0,0,0,0,0,0,0,0,0,0,0,0,0,0,0,0.010526,0,0.010526,0.010526,0,0,0,0,0,0,0,0.021053,0,0,0
692110,0,0.011628,0,0.023256,0.011628,0,0,0,0,0,0,0,0.011628,0.011628,0,0.011628,0.034884,0.011628,0,0.023256,0.011628,0,0,0,0,0,0,0,0,0,0,0,0,0,0,0,0,0,0,0,0,0,0,0,0,0,0,0,0.034884,0,0,0.023256,0.011628,0,0,0,0,0,0,0,0.011628,0,0,0
692111,0.02381,0.02381,0,0.011905,0,0.011905,0,0.011905,0,0,0,0,0.047619,0.02381,0,0,0.011905,0.02381,0,0.02381,0.035714,0,0,0.011905,0,0,0,0,0.011905,0,0,0,0,0,0,0,0,0,0,0,0,0,0,0,0,0,0,0,0.02381,0.011905,0,0.047619,0,0.02381,0,0,0,0,0,0,0.011905,0,0,0
619564,0.051282,0.012821,0,0.025641,0.012821,0,0,0.038462,0,0,0,0,0.012821,0,0,0,0.025641,0.012821,0,0,0,0,0,0,0,0,0,0,0.025641,0.012821,0,0,0,0,0,0,0,0,0,0,0,0,0,0,0,0,0,0,0,0.038462,0,0,0,0,0,0,0,0,0,0,0,0,0,0
8944,0.063492,0.031746,0,0.031746,0.015873,0,0,0,0,0,0,0,0.031746,0,0,0,0.015873,0,0,0,0,0,0,0.015873,0,0,0,0,0,0,0,0.015873,0,0,0,0,0,0,0,0,0,0,0,0,0,0,0,0,0.015873,0.031746,0,0,0,0.015873,0,0,0,0,0,0,0.031746,0,0,0.015873
619498,0,0.014286,0,0.014286,0,0.014286,0,0.014286,0,0,0,0,0.028571,0,0,0.014286,0.028571,0,0,0.028571,0.014286,0.014286,0,0,0,0,0,0,0,0,0,0.042857,0,0,0,0,0,0,0,0,0,0,0,0,0,0,0,0,0.014286,0.014286,0,0,0,0,0,0.014286,0,0,0,0,0.014286,0.014286,0,0
692195,0.017241,0.034483,0,0,0.034483,0.034483,0,0.017241,0,0,0,0,0.017241,0,0,0,0.034483,0.034483,0,0.017241,0.034483,0.017241,0,0.017241,0,0,0,0,0,0,0,0.017241,0,0,0,0,0,0,0,0,0,0,0,0,0,0,0,0,0,0.017241,0,0,0,0,0,0,0,0,0,0,0,0,0,0
692196,0,0,0,0.025316,0.012658,0.025316,0,0,0,0,0,0,0.025316,0,0,0.025316,0.012658,0.037975,0,0.012658,0.012658,0,0,0.012658,0,0,0,0,0,0,0,0.012658,0,0,0,0,0,0,0,0,0,0,0,0,0,0,0,0,0.012658,0.012658,0,0.025316,0,0,0,0,0,0,0,0,0.037975,0,0,0
692197,0,0.014706,0,0,0.058824,0,0,0.014706,0,0,0,0,0,0,0,0,0.014706,0.014706,0,0,0,0,0,0,0,0,0,0,0.029412,0,0,0,0,0,0,0,0,0,0,0,0,0,0,0,0,0,0,0,0,0.029412,0,0,0,0,0,0,0,0,0,0,0,0,0,0
692198,0.047619,0.031746,0,0.015873,0.031746,0.015873,0,0.015873,0,0,0,0,0.031746,0,0,0.015873,0.047619,0.015873,0,0.031746,0,0,0,0,0,0,0,0,0.015873,0,0,0,0,0,0,0,0,0,0,0,0,0,0,0,0,0,0,0,0.031746,0,0,0.015873,0,0,0,0,0,0,0,0,0,0,0,0
26770,0.101266,0.025316,0,0.025316,0.050633,0,0,0.012658,0,0,0,0,0.012658,0,0,0,0.050633,0.025316,0,0,0.025316,0.012658,0,0,0,0,0,0,0.012658,0,0,0,0,0,0,0,0,0,0,0,0,0,0,0,0,0,0,0,0,0.025316,0,0,0,0,0,0,0,0,0,0,0,0,0,0.012658
26774,0,0.014493,0,0.028986,0.014493,0,0,0.028986,0,0,0,0,0.028986,0.014493,0,0,0,0.014493,0,0.014493,0,0,0,0,0,0,0,0,0.028986,0,0,0,0,0,0,0,0,0,0,0,0,0,0,0,0,0,0,0,0.028986,0.028986,0,0,0,0,0,0.028986,0,0,0,0,0,0,0,0
26769,0.026667,0,0,0.026667,0.013333,0,0,0,0,0,0,0,0.026667,0,0,0,0.026667,0,0,0.013333,0,0,0,0,0,0,0,0,0,0,0,0,0,0,0,0,0,0,0,0,0,0,0,0,0,0,0,0,0.04,0.013333,0,0.013333,0,0,0,0,0,0,0,0,0.013333,0,0,0
25826,0.041096,0.013699,0,0.027397,0.013699,0.013699,0,0.013699,0,0,0,0,0.054795,0,0,0.013699,0.027397,0,0,0.013699,0.013699,0.013699,0,0,0,0,0,0,0.013699,0,0,0,0,0,0,0,0,0,0,0,0,0,0,0,0,0,0,0,0.027397,0.027397,0,0.013699,0,0,0,0,0,0,0,0,0.013699,0,0,0
116937,0,0,0,0.021505,0.032258,0.010753,0,0.032258,0,0,0,0,0.032258,0,0,0.010753,0.032258,0.043011,0,0.010753,0.010753,0.010753,0,0.010753,0,0,0,0,0,0.021505,0,0.021505,0,0,0,0,0,0,0,0,0,0,0,0,0,0,0,0,0,0.043011,0,0,0.010753,0.010753,0,0.021505,0,0,0,0,0.010753,0.010753,0,0.010753
116938,0,0,0,0.021978,0.032967,0.010989,0,0.021978,0,0,0,0,0.032967,0,0,0.010989,0.032967,0.032967,0,0.021978,0.021978,0.010989,0,0.021978,0,0,0,0,0.010989,0.032967,0,0.032967,0,0,0,0,0,0,0,0,0,0,0,0,0,0,0,0,0,0.043956,0,0.010989,0.010989,0.010989,0,0.021978,0,0,0,0,0,0.021978,0,0.010989
692199,0.013158,0.013158,0,0,0,0.013158,0,0.013158,0,0,0,0,0,0,0,0.026316,0.013158,0.013158,0,0.026316,0,0,0,0.013158,0,0,0,0,0.013158,0.026316,0,0.013158,0,0,0,0,0,0,0,0,0,0,0,0,0,0,0,0,0,0.013158,0,0.013158,0.013158,0,0,0.026316,0,0,0,0,0.013158,0,0,0.026316
641648,0.027027,0.027027,0,0,0.040541,0.013514,0,0.013514,0,0,0,0,0.013514,0,0,0.013514,0.027027,0.027027,0,0.027027,0,0,0,0,0,0,0,0,0,0,0,0.013514,0,0,0,0,0,0,0,0,0,0,0,0,0,0,0,0,0.013514,0.013514,0,0,0,0,0,0,0,0,0,0,0.013514,0.013514,0,0.013514
692202,0,0,0,0,0,0.021053,0,0.010526,0,0,0,0,0.021053,0.010526,0,0.021053,0,0.021053,0,0.042105,0.021053,0.094737,0,0.031579,0,0,0,0,0.010526,0,0,0.042105,0,0,0,0,0,0,0,0,0,0,0,0,0,0,0,0,0,0.010526,0,0.042105,0.010526,0.042105,0,0,0,0,0,0,0.031579,0.042105,0,0.063158
692203,0,0,0,0,0,0.021053,0,0.010526,0,0,0,0,0.021053,0.010526,0,0.031579,0,0.021053,0,0.052632,0.031579,0.084211,0,0.021053,0,0,0,0,0.021053,0,0,0.021053,0,0,0,0,0,0,0,0,0,0,0,0,0,0,0,0,0,0.010526,0,0.042105,0,0.031579,0,0,0,0,0,0,0.021053,0.031579,0,0.084211
692204,0,0,0,0,0,0.031579,0,0.010526,0,0,0,0,0.031579,0,0,0.042105,0,0.021053,0,0.031579,0.021053,0.084211,0,0.031579,0,0,0,0,0.021053,0,0,0.010526,0,0,0,0,0,0,0,0,0,0,0,0,0,0,0,0,0,0.042105,0,0.052632,0,0,0,0,0,0,0,0,0.042105,0,0,0.073684
692205,0.035714,0.026786,0,0.008929,0.008929,0.017857,0,0.017857,0,0,0,0,0.026786,0.008929,0,0.017857,0.044643,0.008929,0,0.026786,0.008929,0.008929,0,0.017857,0,0,0,0,0.026786,0.008929,0,0.008929,0,0,0,0,0,0,0,0,0,0,0,0,0,0,0,0,0.017857,0.035714,0,0.026786,0.026786,0,0,0,0,0,0,0,0.026786,0.008929,0,0
692206,0.038095,0.028571,0,0.009524,0.019048,0.019048,0,0,0,0,0,0,0.009524,0.009524,0,0,0.047619,0.009524,0,0.009524,0.009524,0.009524,0,0.009524,0,0,0,0,0.009524,0,0,0,0,0,0,0,0,0,0,0,0,0,0,0,0,0,0,0,0,0.009524,0,0.019048,0,0,0,0,0,0,0,0,0,0,0,0
692208,0.02381,0.02381,0,0.02381,0.011905,0.011905,0,0.02381,0,0,0,0,0,0,0,0.011905,0.02381,0.02381,0,0,0,0,0,0.011905,0,0,0,0,0.02381,0,0,0.011905,0,0,0,0,0,0,0,0,0,0,0,0,0,0,0,0,0.035714,0.011905,0,0,0,0,0,0,0,0,0,0,0.02381,0,0,0.011905
692209,0.022989,0,0,0,0.011494,0.011494,0,0.011494,0,0,0,0,0.011494,0,0,0.022989,0,0.045977,0,0.022989,0.011494,0,0,0.011494,0,0,0,0,0.011494,0,0,0.011494,0,0,0,0,0,0,0,0,0,0,0,0,0,0,0,0,0.011494,0,0,0.022989,0.011494,0,0,0,0,0,0,0,0,0,0,0.011494
692210,0.013889,0.027778,0,0.013889,0.013889,0.041667,0,0,0,0,0,0,0,0,0,0.013889,0.013889,0.027778,0,0,0.041667,0,0,0.027778,0,0,0,0,0,0,0,0.027778,0,0,0,0,0,0,0,0,0,0,0,0,0,0,0,0,0.013889,0,0,0,0,0,0,0,0,0,0,0,0.027778,0,0,0
692225,0,0,0,0,0.007407,0.022222,0,0.02963,0,0,0,0,0.007407,0.007407,0,0.007407,0.007407,0.037037,0,0.014815,0.022222,0.037037,0,0.02963,0,0,0,0,0.02963,0.007407,0,0.014815,0,0,0,0,0,0,0,0,0,0,0,0,0,0,0,0,0.007407,0.02963,0,0.007407,0,0.007407,0,0.007407,0,0,0,0,0,0,0,0
619571,0,0.028571,0,0,0.014286,0.028571,0,0.014286,0,0,0,0,0.028571,0,0,0,0.014286,0.028571,0,0.028571,0.028571,0.014286,0,0.014286,0,0,0,0,0.028571,0,0,0.014286,0,0,0,0,0,0,0,0,0,0,0,0,0,0,0,0,0.042857,0.028571,0,0,0,0,0,0,0,0,0,0,0.028571,0,0,0.028571
692226,0,0.014286,0,0,0.014286,0.028571,0,0.014286,0,0,0,0,0.042857,0.014286,0,0,0.014286,0.014286,0,0.057143,0.014286,0,0,0,0,0,0,0,0.014286,0,0,0.014286,0,0,0,0,0,0,0,0,0,0,0,0,0,0,0,0,0.014286,0.042857,0,0,0.014286,0,0,0,0,0,0,0,0.028571,0,0,0.028571
692223,0.021429,0.021429,0,0,0.028571,0.014286,0,0.014286,0,0,0,0,0,0.014286,0,0,0.014286,0.035714,0,0.021429,0.014286,0.007143,0,0.007143,0,0,0,0,0.007143,0.021429,0,0.007143,0,0,0,0,0,0,0,0,0,0,0,0,0,0,0,0,0.007143,0.007143,0,0,0.014286,0,0,0.007143,0,0,0,0,0.007143,0.007143,0,0.007143
692211,0.030769,0,0,0.046154,0,0,0,0,0,0,0,0,0.030769,0,0,0,0.061538,0.015385,0,0,0.015385,0,0,0,0,0,0,0,0.015385,0,0,0,0,0,0,0,0,0,0,0,0,0,0,0,0,0,0,0,0.015385,0.015385,0,0.015385,0,0,0,0,0,0,0,0,0.015385,0,0,0
692212,0.025641,0,0,0.012821,0.025641,0.025641,0,0.012821,0,0,0,0,0.012821,0,0,0.025641,0.025641,0.038462,0,0.038462,0.064103,0.012821,0,0,0,0,0,0,0,0.012821,0,0,0,0,0,0,0,0,0,0,0,0,0,0,0,0,0,0,0,0.025641,0,0,0,0.012821,0,0,0,0,0,0,0.038462,0,0,0
